id;name;phone;email;birthday;image_url;lang_key;vip;level;point;activated;created_date;last_modified_date
1;Assistant;(624) 872-1664;Vaughn24@gmail.com;2022-05-27;pricing;Auto;12633;41671;92239;true;2022-05-28T04:31:54;2022-05-27T20:38:00
2;generate scale Rubber;1-322-447-6791 ;Velda_DuBuque42@yaho;2022-05-28;Uzbekistan;Handcrafte;9906;7189;58203;false;2022-05-27T17:49:30;2022-05-27T22:17:06
3;invoice copying protocol;707-824-2070 x0;Lera_Waters26@gmail.;2022-05-27;Investment Electronics Cheese;quantifyin;88493;47201;59988;true;2022-05-27T19:40:48;2022-05-27T19:47:43
4;Court Loan Rustic;(770) 815-1545;Kevon.Donnelly77@gma;2022-05-28;Ports Future transmitting;Cliff Metr;15575;39667;98045;false;2022-05-27T18:48:31;2022-05-27T13:31:22
5;Table;1-224-960-4948;Danielle.Wolff@hotma;2022-05-28;invoice;gold high-;84748;25951;90590;true;2022-05-28T01:03:56;2022-05-28T05:42:59
6;black;1-267-496-0819;Percy_Powlowski1@yah;2022-05-27;Open-source parsing Ramp;Human New;81280;78576;51853;false;2022-05-27T11:25:28;2022-05-27T17:28:58
7;Cambridgeshire Keyboard;1-614-750-8537 ;Keagan.Schimmel73@gm;2022-05-27;synthesizing Wisconsin Gorgeous;Unbranded ;72944;56236;46457;false;2022-05-27T17:35:36;2022-05-27T16:09:34
8;fuchsia;(467) 864-2260;Nedra_Thiel44@yahoo.;2022-05-28;deposit;Dam up;95505;79175;49187;true;2022-05-27T17:49:34;2022-05-28T03:56:25
9;Specialist Rhode;458-749-6545 x7;Theresia.Gislason@ya;2022-05-27;harness;Peso Engin;61834;13763;9336;false;2022-05-27T11:07:01;2022-05-27T13:53:46
10;JSON Data synthesize;(851) 925-5479;Mayra_Berge@gmail.co;2022-05-27;Beauty Awesome Upgradable;Assistant ;31611;317;61559;true;2022-05-27T20:27:45;2022-05-28T02:29:48
